ID,district_name,province,coords_lat,coords_lng,distance_to_capital_km_norm,population_total_norm,population_growth_5y_norm,population_density_norm,urbanisation_index,num_major_towns_100k_norm,largest_town_pop_share,market_access_index,nightlight_intensity,  health_facilities_per_100k_norm, schools_per_100k_norm,university_or_college_count_norm,  road_quality_index,electricity_access_rate_norm,water_access_rate_norm,  median_rent_index,avg_income_index, informal_sector_share_norm,safety_index,green_cover_index,is_provincial_capital,is_border_district
1,Chibombo,,,,,,,,,,,,,,,,,,,,,,,,,
2,Chisamba,,,,,,,,,,,,,,,,,,,,,,,,,
3,Chitambo,,,,,,,,,,,,,,,,,,,,,,,,,
4,Kabwe,,,,,,,,,,,,,,,,,,,,,,,,,
5,Kapiri Mposhi,,,,,,,,,,,,,,,,,,,,,,,,,
6,Luano,,,,,,,,,,,,,,,,,,,,,,,,,
7,Mkushi,,,,,,,,,,,,,,,,,,,,,,,,,
8,Mumbwa,,,,,,,,,,,,,,,,,,,,,,,,,
9,Ngabwe,,,,,,,,,,,,,,,,,,,,,,,,,
10,Serenje,,,,,,,,,,,,,,,,,,,,,,,,,
11,Shibuyunji,,,,,,,,,,,,,,,,,,,,,,,,,
12,Chililabombwe,,,,,,,,,,,,,,,,,,,,,,,,,
13,Chingola,,,,,,,,,,,,,,,,,,,,,,,,,
14,Kalulushi,,,,,,,,,,,,,,,,,,,,,,,,,
15,Kitwe,,,,,,,,,,,,,,,,,,,,,,,,,
16,Luanshya,,,,,,,,,,,,,,,,,,,,,,,,,
17,Lufwanyama,,,,,,,,,,,,,,,,,,,,,,,,,
18,Masaiti,,,,,,,,,,,,,,,,,,,,,,,,,
19,Mpongwe,,,,,,,,,,,,,,,,,,,,,,,,,
20,Mufulira,,,,,,,,,,,,,,,,,,,,,,,,,
21,Ndola,,,,,,,,,,,,,,,,,,,,,,,,,
22,Chadiza,,,,,,,,,,,,,,,,,,,,,,,,,
23,Chama,,,,,,,,,,,,,,,,,,,,,,,,,
24,Chasefu,,,,,,,,,,,,,,,,,,,,,,,,,
25,Chipangali,,,,,,,,,,,,,,,,,,,,,,,,,
26,Chipata,,,,,,,,,,,,,,,,,,,,,,,,,
27,Kasenengwa,,,,,,,,,,,,,,,,,,,,,,,,,
28,Katete,,,,,,,,,,,,,,,,,,,,,,,,,
29,Lumezi,,,,,,,,,,,,,,,,,,,,,,,,,
30,Lundazi,,,,,,,,,,,,,,,,,,,,,,,,,
31,Lusangazi,,,,,,,,,,,,,,,,,,,,,,,,,
32,Mambwe,,,,,,,,,,,,,,,,,,,,,,,,,
33,Nyimba,,,,,,,,,,,,,,,,,,,,,,,,,
34,Petauke,,,,,,,,,,,,,,,,,,,,,,,,,
35,Sinda,,,,,,,,,,,,,,,,,,,,,,,,,
36,Vubwi,,,,,,,,,,,,,,,,,,,,,,,,,
37,Chembe,,,,,,,,,,,,,,,,,,,,,,,,,
38,Chiengi,,,,,,,,,,,,,,,,,,,,,,,,,
39,Chifunabuli,,,,,,,,,,,,,,,,,,,,,,,,,
40,Chipili,,,,,,,,,,,,,,,,,,,,,,,,,
41,Kawambwa,,,,,,,,,,,,,,,,,,,,,,,,,
42,Lunga,,,,,,,,,,,,,,,,,,,,,,,,,
43,Mansa,,,,,,,,,,,,,,,,,,,,,,,,,
44,Milenge,,,,,,,,,,,,,,,,,,,,,,,,,
45,Mwansabombwe,,,,,,,,,,,,,,,,,,,,,,,,,
46,Mwense,,,,,,,,,,,,,,,,,,,,,,,,,
47,Nchelenge,,,,,,,,,,,,,,,,,,,,,,,,,
48,Samfya,,,,,,,,,,,,,,,,,,,,,,,,,
49,Chilanga,,,,,,,,,,,,,,,,,,,,,,,,,
50,Chongwe,,,,,,,,,,,,,,,,,,,,,,,,,
51,Kafue,,,,,,,,,,,,,,,,,,,,,,,,,
52,Luangwa,,,,,,,,,,,,,,,,,,,,,,,,,
53,Lusaka,,,,,,,,,,,,,,,,,,,,,,,,,
54,Rufunsa,,,,,,,,,,,,,,,,,,,,,,,,,
55,Chinsali,,,,,,,,,,,,,,,,,,,,,,,,,
56,Isoka,,,,,,,,,,,,,,,,,,,,,,,,,
57,Kanchibiya,,,,,,,,,,,,,,,,,,,,,,,,,
58,Lavushimanda,,,,,,,,,,,,,,,,,,,,,,,,,
59,Mafinga,,,,,,,,,,,,,,,,,,,,,,,,,
60,Mpika,,,,,,,,,,,,,,,,,,,,,,,,,
61,Nakonde,,,,,,,,,,,,,,,,,,,,,,,,,
62,Shiwang'andu,,,,,,,,,,,,,,,,,,,,,,,,,
63,Chilubi,,,,,,,,,,,,,,,,,,,,,,,,,
64,Kaputa,,,,,,,,,,,,,,,,,,,,,,,,,
65,Kasama,,,,,,,,,,,,,,,,,,,,,,,,,
66,Lunte,,,,,,,,,,,,,,,,,,,,,,,,,
67,Lupososhi,,,,,,,,,,,,,,,,,,,,,,,,,
68,Luwingu,,,,,,,,,,,,,,,,,,,,,,,,,
69,Mbala,,,,,,,,,,,,,,,,,,,,,,,,,
70,Mporokoso,,,,,,,,,,,,,,,,,,,,,,,,,
71,Mpulungu,,,,,,,,,,,,,,,,,,,,,,,,,
72,Mungwi,,,,,,,,,,,,,,,,,,,,,,,,,
73,Nsama,,,,,,,,,,,,,,,,,,,,,,,,,
74,Senga,,,,,,,,,,,,,,,,,,,,,,,,,
75,Chavuma,,,,,,,,,,,,,,,,,,,,,,,,,
76,Ikelenge,,,,,,,,,,,,,,,,,,,,,,,,,
77,Kabompo,,,,,,,,,,,,,,,,,,,,,,,,,
78,Kalumbila,,,,,,,,,,,,,,,,,,,,,,,,,
79,Mufumbwe,,,,,,,,,,,,,,,,,,,,,,,,,
80,Mushindamo,,,,,,,,,,,,,,,,,,,,,,,,,
81,Solwezi,,,,,,,,,,,,,,,,,,,,,,,,,
82,Zambezi,,,,,,,,,,,,,,,,,,,,,,,,,
83,Choma,,,,,,,,,,,,,,,,,,,,,,,,,
84,Gwembe,,,,,,,,,,,,,,,,,,,,,,,,,
85,Kalomo,,,,,,,,,,,,,,,,,,,,,,,,,
86,Kazungula,,,,,,,,,,,,,,,,,,,,,,,,,
87,Livingstone,,,,,,,,,,,,,,,,,,,,,,,,,
88,Maamba,,,,,,,,,,,,,,,,,,,,,,,,,
89,Monze,,,,,,,,,,,,,,,,,,,,,,,,,
90,Namwala,,,,,,,,,,,,,,,,,,,,,,,,,
91,Pemba,,,,,,,,,,,,,,,,,,,,,,,,,
92,Sinazongwe,,,,,,,,,,,,,,,,,,,,,,,,,
93,Kaoma,,,,,,,,,,,,,,,,,,,,,,,,,
94,Lukulu,,,,,,,,,,,,,,,,,,,,,,,,,
95,Mongu,,,,,,,,,,,,,,,,,,,,,,,,,
96,Nalolo,,,,,,,,,,,,,,,,,,,,,,,,,
97,Nkeyema,,,,,,,,,,,,,,,,,,,,,,,,,
98,Sesheke,,,,,,,,,,,,,,,,,,,,,,,,,
99,Sikongo,,,,,,,,,,,,,,,,,,,,,,,,,
100,Sinjembela,,,,,,,,,,,,,,,,,,,,,,,,,
101,Shang’ombo,,,,,,,,,,,,,,,,,,,,,,,,,
102,Sioma,,,,,,,,,,,,,,,,,,,,,,,,,
103,Luampa,,,,,,,,,,,,,,,,,,,,,,,,,
104,Limulunga,,,,,,,,,,,,,,,,,,,,,,,,,
105,Shiwang’andu,,,,,,,,,,,,,,,,,,,,,,,,,
106,Manyinga,,,,,,,,,,,,,,,,,,,,,,,,,
107,Kasempa,,,,,,,,,,,,,,,,,,,,,,,,,
108,Chikankata,,,,,,,,,,,,,,,,,,,,,,,,,
109,Itezhi-Tezhi,,,,,,,,,,,,,,,,,,,,,,,,,
110,Mwinilunga,,,,,,,,,,,,,,,,,,,,,,,,,
111,Chirundu,,,,,,,,,,,,,,,,,,,,,,,,,
112,Mazabuka,,,,,,,,,,,,,,,,,,,,,,,,,
113,Siavonga,,,,,,,,,,,,,,,,,,,,,,,,,
114,Zimba,,,,,,,,,,,,,,,,,,,,,,,,,
115,Kalabo,,,,,,,,,,,,,,,,,,,,,,,,,
116,Mitete,,,,,,,,,,,,,,,,,,,,,,,,,
117,Mulobezi,,,,,,,,,,,,,,,,,,,,,,,,,
118,Mwandi,,,,,,,,,,,,,,,,,,,,,,,,,
119,Senanga,,,,,,,,,,,,,,,,,,,,,,,,,
120,Sioma,,,,,,,,,,,,,,,,,,,,,,,,,